,Temperature,Humidity Sensor,CO,HCHO,EtOH,UUT1_I_S1,UUT1_I_S2,UUT1_I_S3,UUT1_I_S4,UUT2_I_S1,UUT2_I_S2,UUT2_I_S3,UUT2_I_S4,UUT3_I_S1,UUT3_I_S2,UUT3_I_S3,UUT3_I_S4,Gaz warning
0,25.02000000000004,40.020271,0.0,0.0,74.011,0.00011080044270833334,0.00020688966145833334,0.00011396041666666668,4.759908854166667e-05,8.438627604166667e-05,0.00015423973958333335,0.00010016385416666667,3.820533854166666e-05,9.730356770833333e-05,0.00017998500000000002,0.00012279440104166666,4.6956796875e-05,0.0
1,25.02000000000004,40.020271,0.0,0.0,74.011,0.00011356494791666665,0.00021172367187500003,0.000117567734375,4.915731770833334e-05,8.699057291666668e-05,0.00015883471354166667,0.00010360690104166666,3.966018229166667e-05,0.00010026598958333333,0.00018501395833333336,0.00012662544270833335,4.8586640625e-05,0.0
2,25.02000000000004,40.020271,0.0,0.0,74.011,0.00011623505208333333,0.00021627059895833333,0.00012114674479166666,5.077973958333334e-05,8.951296875000001e-05,0.00016330085937500002,0.000107113203125,4.1085364583333335e-05,0.00010310356770833335,0.00018976091145833331,0.000130590703125,5.030268229166667e-05,0.0
3,25.02000000000004,40.020271,0.0,0.0,74.011,0.00011879234374999999,0.00022074356770833333,0.00012474177083333332,5.234643229166666e-05,9.200570312500001e-05,0.00016778953125000002,0.00011068848958333334,4.252096354166667e-05,0.00010599747395833332,0.00019466776041666668,0.00013440130208333334,5.1942343749999994e-05,0.0
4,25.02000000000004,40.020271,0.0,0.0,74.011,0.00012124750000000001,0.000224924453125,0.00012817497395833333,5.3877473958333334e-05,9.4454609375e-05,0.00017214046875,0.00011417708333333333,4.396890625e-05,0.00010878497395833334,0.0001994313541666667,0.00013820583333333332,5.358044270833333e-05,0.0
5,25.02000000000004,40.020271,0.0,0.0,74.011,0.00012366966145833334,0.0002289172916666667,0.00013158502604166666,5.543520833333333e-05,9.6862890625e-05,0.00017618216145833332,0.00011762770833333333,4.5403359375e-05,0.000111460234375,0.000203887578125,0.0001420958072916667,5.528583333333334e-05,0.0
6,25.02000000000004,40.020271,0.0,0.0,74.011,0.00012573947916666667,0.000232444609375,0.00013492289062499999,5.685278645833334e-05,9.912395833333334e-05,0.0001801210416666667,0.00012108455729166667,4.6911614583333334e-05,0.00011420494791666666,0.00020832111979166666,0.000145838359375,5.6958776041666664e-05,0.0
7,25.02000000000004,40.020271,0.0,0.0,74.011,0.0001277203125,0.0002358038802083333,0.00013813307291666666,5.825020833333333e-05,0.00010120677083333334,0.00018381075520833336,0.0001243828125,4.826830729166667e-05,0.00011680252604166666,0.00021254088541666668,0.00014961390625,5.855596354166667e-05,0.0
8,25.02000000000004,40.020271,0.0,0.0,74.011,0.00012948216145833332,0.00023886015625,0.00014126822916666668,5.9655651041666674e-05,0.00010325919270833334,0.00018730380208333334,0.00012756,4.958479166666667e-05,0.00011920622395833335,0.00021646674479166666,0.00015307244791666668,6.0173697916666673e-05,0.0
9,25.02000000000004,40.020271,0.0,0.0,74.011,0.00013104953125,0.00024141828125,0.00014418736979166666,6.0946874999999996e-05,0.000105142109375,0.00019047119791666667,0.000130650703125,5.0959687499999995e-05,0.00012156114583333335,0.00022037731770833334,0.00015648776041666667,6.171973958333333e-05,0.0
10,25.02000000000004,40.020271,0.0,0.0,74.011,0.000132524375,0.00024356510416666667,0.00014696364583333333,6.221315104166668e-05,0.00010691416666666667,0.00019352799479166666,0.000133720859375,5.215979166666667e-05,0.0001236265625,0.00022388755208333335,0.00015970174479166668,6.32021875e-05,0.0
11,25.02000000000004,40.020271,0.0,0.0,74.011,0.00013372033854166667,0.00024547843749999997,0.00014958411458333335,6.326486979166667e-05,0.000108380703125,0.000196145,0.000136535546875,5.3334557291666666e-05,0.00012566434895833333,0.000227173046875,0.0001629241666666667,6.465411458333334e-05,0.0
12,25.02000000000004,40.028702,0.0,0.0,74.011,0.0001347296875,0.00024712359375,0.00015198734375,6.430114583333334e-05,0.00010977682291666667,0.00019847546875,0.00013918630208333333,5.4457265625e-05,0.00012741809895833333,0.00023004408854166667,0.00016579044270833331,6.5984453125e-05,0.0
13,25.02000000000004,40.028702,0.0,0.0,74.011,0.00013542010416666667,0.00024826778645833334,0.00015420372395833333,6.520143229166667e-05,0.000111005390625,0.00020038406250000003,0.00014160450520833335,5.545333333333333e-05,0.00012908414062500002,0.000232660078125,0.00016857375000000003,6.721466145833333e-05,0.0
14,25.02000000000004,40.028702,0.0,0.0,74.011,0.000135799765625,0.000249047578125,0.00015619554687500001,6.599973958333333e-05,0.000111881796875,0.00020204604166666664,0.0001437915625,5.631408854166667e-05,0.000130514765625,0.000234968046875,0.00017101554687499998,6.835755208333332e-05,0.0
15,25.02000000000004,40.028702,0.0,0.0,74.011,0.000136096484375,0.00024942046875,0.000157876796875,6.6681171875e-05,0.000112667578125,0.00020329309895833334,0.00014567885416666665,5.7160130208333334e-05,0.0001316850260416667,0.00023690572916666667,0.00017324903645833334,6.939296875000001e-05,0.0
16,25.02000000000004,40.028702,0.0,0.0,74.011,0.00013613104166666667,0.00024940434895833337,0.000159329921875,6.7223671875e-05,0.00011323263020833334,0.00020430523437500002,0.00014743640624999998,5.78303125e-05,0.00013271372395833335,0.00023850166666666668,0.00017522630208333332,7.032010416666667e-05,0.0
17,25.02000000000004,40.028702,0.0,0.0,74.011,0.00013591958333333332,0.000249107578125,0.00016053231770833332,6.766539062500001e-05,0.00011366057291666668,0.00020497190104166665,0.00014893067708333333,5.841341145833334e-05,0.00013332023437500002,0.00023982002604166667,0.00017690799479166668,7.1170078125e-05,0.0
18,25.02000000000004,40.028702,0.0,0.0,74.011,0.00013552359375,0.00024832403645833333,0.00016138317708333334,6.7960859375e-05,0.00011388390625,0.00020531796875000003,0.00015013981770833332,5.886864583333334e-05,0.00013398856770833334,0.00024071289062500001,0.00017832875000000002,7.181890625e-05,0.0
19,25.02000000000004,40.028702,0.0,0.0,74.011,0.00013498942708333334,0.00024744276041666665,0.0001620334375,6.816419270833333e-05,0.00011387382812500001,0.00020538075520833336,0.00015102778645833336,5.9258203125e-05,0.00013432861979166666,0.00024123502604166667,0.0001794665625,7.243213541666666e-05,0.0
20,25.02000000000004,40.028702,0.0,0.0,74.011,0.00013422736979166666,0.00024601580729166666,0.00016235479166666668,6.815083333333333e-05,0.000113706640625,0.00020507671875,0.000151640625,5.9504817708333335e-05,0.00013437374999999998,0.00024138752604166666,0.00018027111979166665,7.282596354166667e-05,0.0
21,25.02000000000004,40.028702,0.0,0.0,74.011,0.00013333692708333335,0.00024454575520833335,0.00016250518229166667,6.8125e-05,0.000113352265625,0.000204465,0.00015210552083333334,5.9621953125e-05,0.00013428901041666666,0.00024122723958333337,0.00018086130208333335,7.314346354166667e-05,0.0
22,25.02000000000004,40.032921,0.0,0.0,74.011,0.00012835890624999998,0.00023623989583333334,0.00015635536458333336,6.507260416666668e-05,0.00010884390625,0.000197428046875,0.00014602606770833333,5.703484375e-05,0.000129289921875,0.00023356971354166668,0.00017437085937500003,7.011817708333333e-05,0.0
23,25.02000000000004,40.032921,0.0,0.0,74.011,0.00012416515625,0.000229294375,0.00015072367187499999,6.2410390625e-05,0.00010485971354166666,0.00019110190104166665,0.00014048005208333334,5.464768229166667e-05,0.00012471098958333334,0.00022678708333333334,0.00016837041666666668,6.738713541666667e-05,0.0
24,25.02000000000004,40.032921,0.0,0.0,74.011,0.00012074932291666666,0.00022367236979166667,0.00014591934895833334,6.026351562500001e-05,0.00010163026041666668,0.000185970625,0.00013580213541666668,5.266869791666666e-05,0.00012088557291666667,0.00022097763020833332,0.000163173046875,6.505427083333333e-05,0.0
25,25.02000000000004,40.032921,0.0,0.0,74.011,0.00011809924479166666,0.00021908526041666666,0.00014186557291666666,5.843708333333333e-05,9.885713541666666e-05,0.00018150638020833336,0.00013171044270833331,5.0972760416666665e-05,0.00011754880208333334,0.00021598036458333333,0.00015867145833333335,6.309380208333333e-05,0.0
26,25.02000000000004,40.032921,0.0,0.0,74.011,0.00011579057291666666,0.00021521106770833333,0.00013823080729166669,5.684770833333333e-05,9.652072916666667e-05,0.00017769380208333335,0.00012810614583333332,4.951385416666667e-05,0.00011468825520833333,0.000211531640625,0.00015461536458333334,6.125377604166667e-05,0.0
27,25.02000000000004,40.032921,0.0,0.0,74.011,0.00011392101562500001,0.00021184354166666668,0.00013498674479166668,5.548653645833333e-05,9.449999999999999e-05,0.00017426479166666667,0.00012484776041666665,4.821036458333333e-05,0.00011213244791666666,0.00020764057291666667,0.00015099177083333334,5.9676276041666666e-05,0.0
28,25.02000000000004,40.032921,0.0,0.0,74.011,0.00011224229166666668,0.00020902348958333334,0.00013205669270833335,5.4310338541666665e-05,9.266869791666667e-05,0.00017120039062499997,0.00012181575520833333,4.7041822916666666e-05,0.00010993075520833333,0.00020397205729166668,0.000147656875,5.8204401041666666e-05,0.0
29,25.02000000000004,40.032921,0.0,0.0,74.011,0.00011077999999999999,0.000206518359375,0.00012949841145833336,5.321541666666667e-05,9.1054609375e-05,0.00016834893229166669,0.00011909583333333335,4.5885625e-05,0.00010787039062499999,0.00020061036458333335,0.00014462265625000002,5.683729166666667e-05,0.0
30,25.02000000000004,40.037132,0.0,0.0,74.011,0.00010949309895833334,0.00020430940104166668,0.00012700666666666665,5.2219557291666674e-05,8.956453125e-05,0.0001658161979166667,0.00011652658854166667,4.490265625e-05,0.00010604820312499999,0.00019748236979166668,0.000141759609375,5.560520833333334e-05,0.0
31,25.02000000000004,40.037132,0.0,0.0,74.011,0.00010832596354166666,0.00020226481770833335,0.00012467453125,5.1228541666666664e-05,8.818567708333333e-05,0.0001632905989583333,0.00011406442708333334,4.391286458333333e-05,0.00010426315104166667,0.0001945491927083333,0.000139071875,5.4481015625e-05,0.0
32,25.02000000000004,40.037132,0.0,0.0,74.011,0.00010720283854166667,0.00020043546875000003,0.0001224661197916667,5.0408828125e-05,8.68925e-05,0.000160999921875,0.00011175294270833334,4.302307291666667e-05,0.00010255601562500002,0.00019170765625000003,0.00013650229166666666,5.336729166666666e-05,0.0
33,25.02000000000004,40.037132,0.0,0.0,74.011,0.0001062075,0.00019880218750000002,0.00012047072916666667,4.956401041666667e-05,8.565239583333334e-05,0.00015878565104166667,0.00010956109375000001,4.216192708333334e-05,0.00010100020833333335,0.00018905377604166667,0.00013398682291666667,5.236111979166667e-05,0.0
34,25.02000000000004,40.037132,0.0,0.0,74.011,0.00010526593750000001,0.000197135,0.00011843841145833334,4.873916666666666e-05,8.448075520833333e-05,0.00015673286458333334,0.00010740875000000001,4.1270286458333335e-05,9.948132812500001e-05,0.00018650026041666667,0.00013151713541666664,5.1256015625e-05,0.0
35,25.02000000000004,40.037132,0.0,0.0,74.011,0.00010423942708333334,0.00019558361979166668,0.00011647885416666666,4.7957291666666664e-05,8.329533854166666e-05,0.00015465369791666666,0.00010531549479166668,4.044127604166667e-05,9.797580729166666e-05,0.00018402481770833334,0.0001292509375,5.0298359375e-05,0.0
36,25.02000000000004,40.037132,0.0,0.0,74.011,0.00010336151041666668,0.00019405677083333335,0.00011457231770833333,4.719203125e-05,8.2143828125e-05,0.00015258497395833332,0.00010331864583333333,3.960557291666667e-05,9.6594375e-05,0.0001815109635416667,0.00012693671875000002,4.9314791666666666e-05,0.0
37,25.02000000000004,40.037132,0.0,0.0,74.011,0.00010251239583333334,0.0001926416927083333,0.00011268773437500001,4.644716145833334e-05,8.099763020833332e-05,0.0001504439583333333,0.00010130020833333334,3.880549479166667e-05,9.52384375e-05,0.00017898981770833334,0.00012472916666666668,4.833390625e-05,0.0
38,25.02000000000004,40.037132,0.0,0.0,74.011,0.00010163320312500001,0.00019110036458333331,0.00011086364583333333,4.5699895833333333e-05,7.990968750000001e-05,0.00014849802083333332,9.935838541666669e-05,3.7993020833333336e-05,9.389526041666667e-05,0.00017650447916666667,0.00012241927083333332,4.736098958333334e-05,0.0
39,25.02000000000004,40.037132,0.0,0.0,74.011,0.00010075299479166666,0.00018964440104166666,0.00010902895833333334,4.4977578125e-05,7.87578125e-05,0.00014650059895833335,9.7417578125e-05,3.7233515625e-05,9.252864583333332e-05,0.00017402552083333335,0.00012034664062499999,4.6427994791666666e-05,0.0
40,25.02000000000004,40.037132,0.0,0.0,74.011,9.987132812500001e-05,0.000188068828125,0.00010727270833333334,4.4246432291666666e-05,7.764953125e-05,0.00014441348958333335,9.548111979166667e-05,3.6446640625e-05,9.118799479166668e-05,0.00017144703124999998,0.00011808218750000001,4.5476953125e-05,0.0
41,25.02000000000004,40.037132,0.0,0.0,74.011,9.902158854166667e-05,0.00018654809895833337,0.00010542372395833333,4.347791666666666e-05,7.6516171875e-05,0.00014229080729166667,9.353242187499999e-05,3.5698515624999996e-05,8.995153645833334e-05,0.00016897533854166668,0.000116015703125,4.4555651041666666e-05,0.0
42,25.02000000000004,40.053993,0.0,0.0,74.011,9.804708333333335e-05,0.00018490500000000002,0.00010364486979166668,4.276033854166667e-05,7.543239583333333e-05,0.00014017859375,9.162044270833332e-05,3.49284375e-05,8.8461015625e-05,0.00016634942708333334,0.00011385031250000001,4.359651041666667e-05,0.0
43,25.02000000000004,40.053993,0.0,0.0,74.011,9.7075859375e-05,0.00018329333333333333,0.00010184317708333333,4.2026276041666664e-05,7.432372395833335e-05,0.00013794473958333333,8.97928125e-05,3.4153125e-05,8.7027265625e-05,0.00016397213541666667,0.00011173119791666666,4.265869791666667e-05,0.0
44,25.02000000000004,40.053993,0.0,0.0,74.011,9.606575520833332e-05,0.00018155007812499998,9.9940234375e-05,4.1330885416666674e-05,7.310325520833333e-05,0.00013581080729166666,8.777695312500001e-05,3.3382760416666666e-05,8.567080729166669e-05,0.00016139182291666668,0.00010946299479166667,4.173210937500001e-05,0.0
45,25.02000000000004,40.053993,0.0,0.0,74.011,9.502903645833333e-05,0.00017975705729166667,9.810458333333333e-05,4.0560156250000004e-05,7.194901041666667e-05,0.0001335440625,8.591216145833334e-05,3.2608359375e-05,8.415984375000001e-05,0.000158726953125,0.00010725187500000001,4.079416666666667e-05,0.0
46,25.02000000000004,40.053993,0.0,0.0,74.011,9.388914062499999e-05,0.00017793229166666665,9.624289062500001e-05,3.9803515625000005e-05,7.074708333333334e-05,0.0001312628125,8.406549479166667e-05,3.185820312500001e-05,8.279369791666667e-05,0.000156073359375,0.00010513359375000001,3.9870078125e-05,0.0
47,25.02000000000004,40.053993,0.0,0.0,74.011,9.287843750000001e-05,0.00017595526041666666,9.4332890625e-05,3.902611979166667e-05,6.953856770833333e-05,0.00012889580729166667,8.211981770833334e-05,3.113981770833334e-05,8.129302083333335e-05,0.00015339776041666667,0.00010289361979166667,3.890463541666667e-05,0.0
48,25.02000000000004,40.053993,0.0,0.0,74.011,9.172583333333334e-05,0.00017388580729166668,9.243703124999999e-05,3.821380208333333e-05,6.823916666666667e-05,0.00012657776041666665,8.012343749999999e-05,3.0328046875e-05,7.993997395833334e-05,0.00015079768229166667,0.00010082802083333334,3.797078125e-05,0.0
49,25.02000000000004,40.053993,0.0,0.0,74.011,9.063291666666667e-05,0.00017181296875000003,9.046546875e-05,3.7497864583333336e-05,6.703486979166668e-05,0.000124153671875,7.823322916666668e-05,2.9569791666666668e-05,7.842265625e-05,0.00014815500000000002,9.860151041666667e-05,3.712223958333334e-05,0.0
50,25.02000000000004,40.070862,0.0,0.0,74.011,8.942231770833333e-05,0.00016967046875000002,8.854299479166667e-05,3.676731770833333e-05,6.580710937500001e-05,0.00012174177083333333,7.627364583333334e-05,2.8838359374999998e-05,7.698919270833333e-05,0.00014534348958333335,9.641122395833333e-05,3.624609375e-05,0.0
51,25.02000000000004,40.070862,0.0,0.0,74.011,8.817669270833334e-05,0.00016730109375000002,8.656169270833333e-05,3.6011223958333335e-05,6.450572916666667e-05,0.00011930263020833333,7.442203125e-05,2.8106380208333335e-05,7.545572916666666e-05,0.000142636953125,9.4258125e-05,3.534057291666667e-05,0.0
52,25.02000000000004,40.070862,0.0,0.0,74.011,9.107197916666668e-05,0.00017232127604166668,8.967664062500002e-05,3.723270833333334e-05,6.673815104166667e-05,0.000123207890625,7.707276041666667e-05,2.9181875000000004e-05,7.798075520833334e-05,0.000147308515625,9.773776041666666e-05,3.663700520833333e-05,0.0
53,25.02000000000004,40.070862,0.0,0.0,74.011,9.445466145833332e-05,0.00017835322916666665,9.361085937500002e-05,3.881041666666667e-05,6.935606770833333e-05,0.00012795942708333332,8.048234375e-05,3.044546875e-05,8.102552083333333e-05,0.00015276291666666667,0.00010183752604166667,3.824231770833333e-05,0.0
54,25.02000000000004,40.070862,0.0,0.0,74.011,9.771934895833333e-05,0.00018417494791666666,9.738432291666667e-05,4.051520833333333e-05,7.210242187499999e-05,0.00013268828125000002,8.393065104166667e-05,3.1768125e-05,8.399294270833334e-05,0.00015809463541666667,0.00010584653645833334,3.9845078125e-05,0.0
55,25.02000000000004,40.070862,0.0,0.0,74.011,0.00010102239583333334,0.00019003299479166668,0.00010135221354166666,4.2101874999999996e-05,7.485234374999999e-05,0.000137564921875,8.740632812499999e-05,3.312684895833333e-05,8.704247395833333e-05,0.00016353671875000002,0.00010980380208333334,4.143815104166666e-05,0.0
56,25.02000000000004,40.070862,0.0,0.0,74.011,0.00010432742187500001,0.00019579505208333335,0.00010529666666666668,4.3701640624999995e-05,7.770825520833333e-05,0.000142423359375,9.098804687499999e-05,3.4490859375000005e-05,9.007885416666666e-05,0.00016881674479166667,0.000113945390625,4.3049531250000006e-05,0.0
57,25.02000000000004,40.070862,0.0,0.0,74.011,0.00010753744791666669,0.00020161208333333336,0.00010933666666666668,4.537992187500001e-05,8.05246875e-05,0.00014733622395833332,9.462031250000001e-05,3.592338541666667e-05,9.3191796875e-05,0.00017438593749999999,0.000118082734375,4.478286458333334e-05,0.0
58,25.02000000000004,40.070862,0.0,0.0,74.011,0.00011077416666666667,0.00020711161458333334,0.00011319875000000001,4.715528645833334e-05,8.326369791666666e-05,0.000152365703125,9.837223958333333e-05,3.7429140625000004e-05,9.626869791666667e-05,0.00017979867187499997,0.00012219213541666668,4.645401041666667e-05,0.0
59,25.02000000000004,40.070862,0.0,0.0,74.011,0.00011390062500000001,0.00021260317708333333,0.00011719268229166667,4.890544270833334e-05,8.608260416666668e-05,0.00015737442708333333,0.00010211716145833334,3.893901041666667e-05,9.954205729166667e-05,0.00018530822916666665,0.00012642187500000002,4.824244791666667e-05,0.0
60,25.02000000000004,40.083504,0.0,0.0,74.011,0.00011702419270833334,0.00021798776041666667,0.00012118929687499999,5.0661796875e-05,8.890221354166666e-05,0.00016229734375,0.00010592833333333334,4.047705729166666e-05,0.000102620859375,0.00019070911458333333,0.00013068020833333332,5.003520833333333e-05,0.0
61,25.02000000000004,40.083504,0.0,0.0,74.011,0.00011997955729166667,0.00022305815104166666,0.00012519502604166666,5.2443854166666663e-05,9.170419270833334e-05,0.00016723026041666668,0.00010979072916666667,4.2033567708333335e-05,0.00010583390625,0.00019602369791666668,0.000134939296875,5.186484375e-05,0.0
62,25.02000000000004,40.083504,0.0,0.0,74.011,0.00012297388020833332,0.00022793174479166666,0.00012913557291666667,5.413601562500001e-05,9.445927083333335e-05,0.00017204901041666665,0.00011364010416666666,4.358950520833333e-05,0.00010891492187500001,0.00020129703124999998,0.00013917786458333335,5.368372395833333e-05,0.0
63,25.02000000000004,40.083504,0.0,0.0,74.011,0.00012564299479166669,0.0002326603385416667,0.00013299531249999998,5.5806276041666664e-05,9.712101562499999e-05,0.00017687622395833334,0.000117445859375,4.5172109375e-05,0.00011199276041666665,0.00020649703125,0.00014356197916666667,5.5569296875e-05,0.0
64,25.02000000000004,40.083504,0.0,0.0,74.011,0.00012829041666666667,0.00023708343750000003,0.00013688450520833335,5.7509557291666666e-05,9.979895833333334e-05,0.00018150328125,0.00012129348958333334,4.6778046875e-05,0.00011516739583333333,0.00021150348958333333,0.00014776408854166666,5.738466145833334e-05,0.0
65,25.02000000000004,40.083504,0.0,0.0,74.011,0.00013078838541666666,0.00024119666666666667,0.00014066382812500002,5.9179973958333326e-05,0.00010248190104166668,0.0001859581770833333,0.00012503335937499998,4.8357421875e-05,0.00011825510416666666,0.00021639203125000002,0.00015197958333333333,5.9308854166666666e-05,0.0
66,25.02000000000004,40.083504,0.0,0.0,74.011,0.00013309372395833334,0.00024506619791666667,0.00014422757812500002,6.0830026041666665e-05,0.00010497890625000001,0.00019011119791666664,0.00012872059895833332,4.991635416666667e-05,0.00012112544270833333,0.00022112536458333335,0.00015605473958333333,6.1105e-05,0.0
67,25.02000000000004,40.083504,0.0,0.0,74.011,0.00013528807291666667,0.0002484619010416667,0.00014782690104166667,6.2332265625e-05,0.00010736984375,0.00019395208333333335,0.00013237611979166668,5.1444453125e-05,0.00012392794270833335,0.00022564088541666668,0.00015997841145833333,6.289203125e-05,0.0
68,25.02000000000004,40.083504,0.0,0.0,74.011,0.00013718588541666667,0.00025174502604166665,0.000151197421875,6.386276041666667e-05,0.00010965221354166668,0.000197678828125,0.00013591539062500003,5.2942552083333336e-05,0.00012657627604166667,0.00022984776041666666,0.00016372434895833333,6.464161458333334e-05,0.0
69,25.02000000000004,40.083504,0.0,0.0,74.011,0.00013894565104166667,0.00025445799479166666,0.00015445510416666668,6.531473958333334e-05,0.00011169674479166666,0.00020112669270833333,0.000139380390625,5.4407421875000004e-05,0.00012927979166666668,0.000233908984375,0.00016741179687500003,6.639880208333333e-05,0.0
70,25.02000000000004,40.083504,0.0,0.0,74.011,0.00014035484375,0.0002568054166666667,0.00015749200520833335,6.659197916666667e-05,0.00011362463541666668,0.00020420481770833335,0.00014258885416666668,5.572049479166667e-05,0.00013154645833333335,0.00023761841145833335,0.00017093953125,6.813778645833334e-05,0.0
71,25.02000000000004,40.096146,0.0,0.0,74.011,0.00014153369791666668,0.00025873924479166666,0.00016025979166666665,6.783864583333334e-05,0.00011530289062500001,0.00020687820312500002,0.00014555768229166665,5.6948203125e-05,0.00013373375,0.00024086138020833336,0.00017427994791666669,6.968177083333332e-05,0.0
72,25.02000000000004,40.096146,0.0,0.0,74.011,0.00014265963541666666,0.00026030841145833334,0.000162880546875,6.900291666666666e-05,0.00011682325520833332,0.00020932161458333333,0.0001484358333333333,5.815666666666667e-05,0.00013568502604166668,0.0002439185677083333,0.00017730921875,7.112557291666667e-05,0.0
73,25.02000000000004,40.096146,0.0,0.0,74.011,0.00014344442708333336,0.000261493828125,0.0001651434375,7.0019609375e-05,0.00011816114583333333,0.00021130184895833335,0.000150918828125,5.9221562499999996e-05,0.00013749010416666665,0.00024659203125,0.00018030515625,7.249953125e-05,0.0
74,25.02000000000004,40.096146,0.0,0.0,74.011,0.00014395169270833334,0.00026227106770833336,0.00016728505208333337,7.085119791666666e-05,0.00011928893229166666,0.00021295151041666668,0.00015334552083333335,6.017854166666667e-05,0.0001391325,0.00024897992187500003,0.00018292395833333333,7.369986979166667e-05,0.0
75,25.02000000000004,40.096146,0.0,0.0,74.011,0.00014427286458333334,0.0002626596614583333,0.00016906617187500002,7.160658854166667e-05,0.00012019109374999999,0.00021424934895833335,0.000155414140625,6.112190104166667e-05,0.00014043294270833334,0.00025087182291666667,0.00018520369791666667,7.483846354166667e-05,0.0
76,25.02000000000004,40.096146,0.0,0.0,74.011,0.00014434328125000002,0.00026265359374999997,0.00017059356770833333,7.220270833333334e-05,0.00012076588541666666,0.00021523786458333332,0.000157282421875,6.189763020833333e-05,0.00014144036458333333,0.00025254963541666663,0.000187237578125,7.586549479166667e-05,0.0
77,25.02000000000004,40.096146,0.0,0.0,74.011,0.00014421044270833332,0.00026232466145833334,0.00017184458333333334,7.2680625e-05,0.00012113281250000001,0.000215855703125,0.00015884052083333335,6.249177083333334e-05,0.0001422558072916667,0.00025379255208333334,0.00018898968750000002,7.672752604166667e-05,0.0
78,25.02000000000004,40.096146,0.0,0.0,74.011,0.00014380869791666667,0.0002615154947916667,0.00017273575520833335,7.295283854166666e-05,0.00012141075520833333,0.00021614833333333334,0.00016005122395833333,6.304210937500001e-05,0.00014289388020833336,0.000254534140625,0.00019037763020833334,7.743270833333334e-05,0.0
79,25.02000000000004,40.096146,0.0,0.0,74.011,0.00014321486979166668,0.00026050484375,0.00017340624999999998,7.312234375e-05,0.00012146307291666667,0.00021614692708333332,0.00016104161458333334,6.344875e-05,0.00014318333333333334,0.0002549793489583333,0.00019149875000000003,7.805518229166666e-05,0.0
80,25.02000000000004,40.104576,0.0,0.0,74.011,0.0001425503125,0.00025920153645833335,0.000173789296875,7.319966145833333e-05,0.00012121158854166668,0.00021579200520833333,0.00016168882812500003,6.368041666666668e-05,0.00014329455729166664,0.0002550444010416666,0.00019235752604166668,7.851231770833334e-05,0.0
81,25.02000000000004,40.104576,0.0,0.0,74.011,0.00014164247395833334,0.000257513046875,0.00017387325520833334,7.31971875e-05,0.00012088611979166667,0.00021519268229166667,0.0001621079427083333,6.386252604166668e-05,0.00014307260416666668,0.0002547851302083333,0.00019285848958333334,7.883153645833334e-05,0.0
82,25.02000000000004,40.104576,0.0,0.0,74.011,0.000136634453125,0.00024928153645833334,0.00016759486979166666,7.008622395833333e-05,0.0001163346875,0.000208145703125,0.00015600416666666667,6.118046875e-05,0.00013793135416666666,0.0002470801302083333,0.00018611231770833338,7.5660859375e-05,0.0
83,25.02000000000004,40.104576,0.0,0.0,74.011,0.0001324798697916667,0.00024255182291666667,0.00016192677083333331,6.737911458333333e-05,0.00011234505208333333,0.00020206033854166668,0.00015043736979166667,5.876291666666667e-05,0.00013337463541666667,0.000240474296875,0.00018008567708333335,7.284361979166666e-05,0.0
84,25.02000000000004,40.104576,0.0,0.0,74.011,0.00012927614583333334,0.00023725763020833335,0.00015724419270833335,6.525809895833333e-05,0.00010915575520833334,0.00019713421875,0.00014573765625,5.674330729166667e-05,0.00012956575520833334,0.000234913828125,0.0001750298697916667,7.0472578125e-05,0.0
85,25.02000000000004,40.104576,0.0,0.0,74.011,0.00012671106770833333,0.00023297299479166668,0.00015325859375000001,6.348653645833333e-05,0.00010648158854166667,0.00019299260416666666,0.000141753359375,5.5038723958333336e-05,0.0001264175,0.00023011346354166666,0.00017061223958333334,6.8412421875e-05,0.0
86,25.02000000000004,40.104576,0.0,0.0,74.011,0.00012456856770833334,0.00022940796875,0.00014973239583333334,6.194544270833333e-05,0.000104283984375,0.00018944442708333334,0.00013823052083333334,5.355809895833333e-05,0.00012363486979166666,0.00022593005208333333,0.00016669643229166666,6.668736979166667e-05,0.0
87,25.02000000000004,40.104576,0.0,0.0,74.011,0.00012274645833333333,0.0002263719791666667,0.00014659460937500003,6.060208333333334e-05,0.00010229802083333332,0.00018627049479166667,0.0001350034635416667,5.2246406250000004e-05,0.00012118322916666668,0.00022218442708333335,0.0001631160677083333,6.509098958333333e-05,0.0
88,25.02000000000004,40.104576,0.0,0.0,74.011,0.00012122885416666668,0.000223918125,0.0001437716666666667,5.941697916666667e-05,0.00010060455729166666,0.00018340265625000002,0.00013213276041666667,5.1066171875000006e-05,0.00011900440104166667,0.00021884838541666668,0.00015984643229166668,6.364270833333334e-05,0.0
89,25.02000000000004,40.104576,0.0,0.0,74.011,0.00011991338541666666,0.00022168247395833334,0.00014122244791666666,5.8337552083333335e-05,9.907289062500001e-05,0.00018088098958333332,0.00012947450520833334,4.994906249999999e-05,0.00011698476562500001,0.00021566158854166668,0.00015689734375,6.236627604166666e-05,0.0
90,25.02000000000004,40.113014,0.0,0.0,74.011,0.00011866927083333334,0.00021966333333333336,0.00013875294270833334,5.728997395833333e-05,9.765643229166667e-05,0.000178489765625,0.00012707731770833335,4.894403645833333e-05,0.0001151546875,0.000212736640625,0.00015405250000000002,6.108333333333333e-05,0.0
91,25.02000000000004,40.113014,0.0,0.0,74.011,0.00011760638020833334,0.000217845,0.000136481328125,5.632171875e-05,9.638385416666668e-05,0.00017623416666666668,0.00012469130208333333,4.795130208333333e-05,0.000113357109375,0.0002099236979166667,0.00015130986979166667,5.990026041666667e-05,0.0
92,25.02000000000004,40.113014,0.0,0.0,74.011,0.00011661221354166668,0.00021621083333333335,0.00013431763020833334,5.541596354166667e-05,9.510596354166668e-05,0.00017406455729166668,0.0001224121875,4.700052083333334e-05,0.00011177643229166666,0.00020719270833333334,0.00014874861979166667,5.8754557291666665e-05,0.0
93,25.02000000000004,40.113014,0.0,0.0,74.011,0.00011564705729166666,0.00021461846354166666,0.00013219041666666668,5.454947916666667e-05,9.383059895833334e-05,0.00017191072916666666,0.00012023703125000002,4.6104505208333336e-05,0.00011014343749999999,0.00020453973958333332,0.00014622906250000002,5.7659713541666675e-05,0.0
94,25.02000000000004,40.113014,0.0,0.0,74.011,0.00011468734375,0.00021313466145833336,0.0001301579166666667,5.3657812500000004e-05,9.255690104166665e-05,0.00016992143229166667,0.00011804223958333334,4.520015625e-05,0.00010862125,0.0002019699479166667,0.00014373013020833333,5.6559453125e-05,0.0
95,25.02000000000004,40.113014,0.0,0.0,74.011,0.00011379755208333334,0.00021162994791666667,0.00012818736979166667,5.286205729166667e-05,9.137692708333332e-05,0.00016782799479166666,0.00011595450520833333,4.433013020833333e-05,0.00010713557291666667,0.00019955786458333334,0.00014136221354166668,5.5513515624999995e-05,0.0
96,25.02000000000004,40.113014,0.0,0.0,74.011,0.00011288489583333333,0.00021016518229166668,0.00012627104166666666,5.2057161458333336e-05,9.022624999999999e-05,0.00016584354166666667,0.00011387044270833334,4.353583333333333e-05,0.000105746796875,0.00019699744791666667,0.00013906794270833334,5.445390625e-05,0.0
97,25.02000000000004,40.113014,0.0,0.0,74.011,0.00011202434895833332,0.00020875380208333334,0.00012436794270833334,5.127455729166667e-05,8.906664062500002e-05,0.00016377830729166667,0.00011180859375000001,4.263471354166667e-05,0.0001042275,0.00019444526041666665,0.00013667515625000003,5.3367682291666666e-05,0.0
98,25.02000000000004,40.113014,0.0,0.0,74.011,0.00011111294270833333,0.00020729333333333334,0.00012252552083333334,5.0453359375e-05,8.790942708333333e-05,0.00016171322916666667,0.000109797578125,4.1762369791666666e-05,0.00010285994791666667,0.00019200942708333334,0.0001342378125,5.2304166666666666e-05,0.0
99,25.02000000000004,40.113014,0.0,0.0,74.011,0.00011018755208333333,0.00020580203125000003,0.00012062604166666668,4.964744791666667e-05,8.6723359375e-05,0.00015961760416666667,0.00010780682291666667,4.09621875e-05,0.00010140098958333333,0.00018946606770833336,0.00013195494791666667,5.127950520833333e-05,0.0
100,25.02000000000004,40.113014,0.0,0.0,74.011,0.00010919085937500001,0.00020418809895833334,0.00011868471354166667,4.882588541666667e-05,8.551888020833333e-05,0.000157546796875,0.00010575135416666668,4.010408854166667e-05,9.983789062499999e-05,0.00018680630208333336,0.00012964736979166668,5.0252734375000006e-05,0.0
101,25.02000000000004,40.125656,0.0,0.0,74.011,0.00010824497395833334,0.0002025935416666667,0.00011675041666666668,4.811966145833333e-05,8.428208333333335e-05,0.00015538765625,0.00010372161458333334,3.9244375e-05,9.831869791666667e-05,0.00018423763020833335,0.000127325390625,4.924916666666666e-05,0.0
102,25.02000000000004,40.125656,0.0,0.0,74.011,0.00010722552083333333,0.00020086822916666667,0.00011473499999999999,4.724828125000001e-05,8.307145833333334e-05,0.00015314932291666668,0.00010166020833333332,3.841872395833333e-05,9.690721354166668e-05,0.0001815721875,0.0001249503125,4.8208281250000004e-05,0.0
103,25.02000000000004,40.125656,0.0,0.0,74.011,0.000106152734375,0.00019921466145833333,0.000112724296875,4.650322916666667e-05,8.186083333333333e-05,0.00015084174479166668,9.962716145833334e-05,3.7603593750000005e-05,9.548885416666667e-05,0.00017890888020833336,0.00012266927083333335,4.72e-05,0.0
104,25.02000000000004,40.125656,0.0,0.0,74.011,0.00010503627604166667,0.00019727648437500002,0.00011070919270833333,4.5631796875e-05,8.053973958333335e-05,0.00014860348958333335,9.759315104166668e-05,3.675145833333334e-05,9.394471354166666e-05,0.00017613669270833334,0.00012028947916666667,4.617375e-05,0.0
105,25.02000000000004,40.125656,0.0,0.0,74.011,0.000103956171875,0.00019548450520833337,0.000108680546875,4.4847239583333335e-05,7.922567708333333e-05,0.00014598888020833333,9.539799479166667e-05,3.588411458333334e-05,9.245033854166668e-05,0.00017334765624999997,0.00011789882812500001,4.5117135416666665e-05,0.0
106,25.02000000000004,40.125656,0.0,0.0,74.011,0.00010281898437500001,0.00019349697916666667,0.00010658927083333333,4.3951119791666664e-05,7.786481770833334e-05,0.00014359638020833336,9.330752604166667e-05,3.5077369791666665e-05,9.087153645833335e-05,0.00017064812499999998,0.00011550510416666667,4.418221354166667e-05,0.0
107,25.02000000000004,40.125656,0.0,0.0,74.011,0.00010161731770833333,0.0001913255729166667,0.00010443552083333334,4.3141015625000004e-05,7.647203125e-05,0.00014104062500000001,9.117536458333334e-05,3.415856770833334e-05,8.926466145833333e-05,0.000167654453125,0.00011316817708333333,4.312791666666667e-05,0.0
108,25.02000000000004,40.125656,0.0,0.0,74.011,0.00010035375,0.00018901492187500002,0.00010222520833333335,4.2327109375000007e-05,7.512252604166666e-05,0.00013844130208333334,8.896908854166666e-05,3.329309895833333e-05,8.765786458333333e-05,0.00016475848958333333,0.00011077619791666667,4.212059895833334e-05,0.0
109,25.02000000000004,40.125656,0.0,0.0,74.011,9.907838541666667e-05,0.00018682817708333334,0.00010009015625000001,4.145489583333333e-05,7.377614583333333e-05,0.00013584239583333335,8.686223958333334e-05,3.2491979166666664e-05,8.6072265625e-05,0.00016174520833333334,0.00010837921875,4.116986979166667e-05,0.0
110,25.02000000000004,40.134087,0.0,0.0,74.011,9.773354166666667e-05,0.00018441950520833335,9.791518229166667e-05,4.063432291666667e-05,7.240453125e-05,0.0001332145572916667,8.475424479166667e-05,3.160565104166666e-05,8.449307291666667e-05,0.0001587267447916667,0.000105997578125,4.0171223958333336e-05,0.0
111,25.02000000000004,40.134087,0.0,0.0,74.011,9.6351484375e-05,0.00018202320312500002,9.567125000000002e-05,3.9709453125e-05,7.099140625e-05,0.000130538203125,8.252221354166667e-05,3.076427083333333e-05,8.2819765625e-05,0.00015581846354166667,0.00010362044270833333,3.910901041666667e-05,0.0
112,25.02000000000004,40.134087,0.0,0.0,74.011,9.931786458333334e-05,0.00018717625000000003,9.892588541666667e-05,4.1085130208333336e-05,7.3276796875e-05,0.00013472169270833335,8.543104166666665e-05,3.1905078125e-05,8.539502604166667e-05,0.00016061356770833335,0.00010714489583333334,4.055291666666666e-05,0.0
113,25.02000000000004,40.134087,0.0,0.0,74.011,0.00010274643229166668,0.00019335817708333335,0.00010296458333333334,4.2750885416666664e-05,7.607385416666667e-05,0.00013952934895833334,8.905299479166667e-05,3.328122395833333e-05,8.862617187499999e-05,0.0001662648697916667,0.00011140135416666667,4.219078125e-05,0.0
114,25.02000000000004,40.134087,0.0,0.0,74.011,0.00010614794270833334,0.000199193125,0.00010695054687500001,4.4402109374999996e-05,7.892705729166668e-05,0.000144392890625,9.264177083333333e-05,3.459130208333333e-05,9.1791640625e-05,0.00017182458333333335,0.00011553986979166666,4.387518229166667e-05,0.0
115,25.02000000000004,40.134087,0.0,0.0,74.011,0.00010954658854166667,0.00020515513020833332,0.00011109596354166668,4.617276041666667e-05,8.174424479166667e-05,0.000149382890625,9.6368125e-05,3.604151041666667e-05,9.497950520833332e-05,0.00017727669270833335,0.00011973000000000001,4.5524453125e-05,0.0
116,25.02000000000004,40.134087,0.0,0.0,74.011,0.00011291924479166667,0.0002109425,0.00011509208333333333,4.7826979166666665e-05,8.460195312500001e-05,0.00015435148437500002,0.00010005942708333332,3.7500625e-05,9.820281250000001e-05,0.00018291807291666667,0.00012397223958333331,4.7318203125e-05,0.0
117,25.02000000000004,40.134087,0.0,0.0,74.011,0.00011618723958333333,0.00021659723958333336,0.00011925958333333334,4.9574088541666664e-05,8.7536015625e-05,0.00015938677083333333,0.000103873515625,3.90271875e-05,0.00010140872395833333,0.00018846473958333335,0.00012828283854166668,4.908166666666666e-05,0.0
118,25.02000000000004,40.134087,0.0,0.0,74.011,0.00011940481770833333,0.00022202039062499998,0.00012332390625,5.1445156250000005e-05,9.0483359375e-05,0.00016448851562500001,0.00010774674479166668,4.0561171875e-05,0.00010452716145833334,0.00019389354166666667,0.00013252645833333336,5.0851536458333334e-05,0.0
119,25.02000000000004,40.134087,0.0,0.0,74.011,0.00012254859375,0.00022744523437500001,0.0001273452083333333,5.321e-05,9.334932291666666e-05,0.000169437421875,0.00011163770833333333,4.210807291666667e-05,0.00010776770833333334,0.000199377109375,0.00013681856770833334,5.277458333333333e-05,0.0
120,25.02000000000004,40.142517,0.0,0.0,74.011,0.00012557619791666666,0.000232601484375,0.000131385703125,5.5032109375e-05,9.6093203125e-05,0.00017455611979166666,0.00011553812499999999,4.376286458333333e-05,0.00011094682291666666,0.00020484169270833333,0.00014117770833333332,5.4624218750000004e-05,0.0
121,25.02000000000004,40.142517,0.0,0.0,74.011,0.00012856427083333334,0.00023743247395833334,0.00013542606770833334,5.676927083333333e-05,9.903625e-05,0.00017941880208333333,0.00011950645833333333,4.538169270833334e-05,0.00011418494791666667,0.0002101686197916667,0.00014549432291666666,5.643325520833334e-05,0.0
122,25.02000000000004,40.142517,0.0,0.0,74.011,0.00013137278645833334,0.00024225903645833335,0.0001394583333333333,5.858802083333333e-05,0.00010180911458333335,0.00018418580729166666,0.00012342104166666667,4.706408854166667e-05,0.00011727736979166666,0.00021546002604166668,0.000149812578125,5.8297421875e-05,0.0
123,25.02000000000004,40.142517,0.0,0.0,74.011,0.00013409229166666667,0.0002466272135416667,0.00014327864583333334,6.0371328125000005e-05,0.00010449958333333333,0.00018882645833333335,0.00012742143229166667,4.867940104166666e-05,0.0001203290625,0.00022048864583333334,0.000154153515625,6.011859375000001e-05,0.0
124,25.02000000000004,40.142517,0.0,0.0,74.011,0.00013660757812499998,0.00025078130208333333,0.00014709536458333333,6.203973958333333e-05,0.00010714713541666667,0.000193215390625,0.00013118385416666667,5.0378723958333336e-05,0.00012341942708333332,0.0002253338802083333,0.00015831804687500001,6.196276041666666e-05,0.0
125,25.02000000000004,40.142517,0.0,0.0,74.011,0.00013892416666666667,0.00025447065104166667,0.00015082611979166667,6.366927083333333e-05,0.000109707890625,0.00019745794270833333,0.00013499270833333335,5.197744791666667e-05,0.00012638739583333334,0.00023007653645833333,0.000162245859375,6.387611979166667e-05,0.0
126,25.02000000000004,40.142517,0.0,0.0,74.011,0.000141018515625,0.0002578954947916667,0.00015437403645833335,6.531026041666668e-05,0.00011210833333333334,0.00020140101562500002,0.00013868809895833335,5.3533645833333336e-05,0.000129245625,0.00023446221354166667,0.00016632744791666667,6.563075520833334e-05,0.0
127,25.02000000000004,40.142517,0.0,0.0,74.011,0.0001429747135416667,0.0002609668229166667,0.00015776684895833334,6.678588541666667e-05,0.00011448208333333334,0.00020514062500000003,0.000142265078125,5.5096562500000004e-05,0.00013195885416666668,0.00023866471354166667,0.00017024989583333333,6.741966145833334e-05,0.0
128,25.02000000000004,40.142517,0.0,0.0,74.011,0.00014468221354166667,0.0002636713020833333,0.00016105875000000001,6.822473958333334e-05,0.00011654270833333334,0.00020850893229166665,0.00014562895833333334,5.647807291666667e-05,0.00013447393229166666,0.00024259450520833334,0.000173864375,6.917382812500001e-05,0.0
129,25.02000000000004,40.142517,0.0,0.0,74.011,0.000146184765625,0.0002659640104166667,0.00016413736979166668,6.956028645833334e-05,0.00011835885416666667,0.00021160333333333333,0.00014892174479166667,5.7885755208333335e-05,0.00013685098958333335,0.0002461858072916667,0.00017737401041666666,7.083427083333333e-05,0.0
130,25.02000000000004,40.142517,0.0,0.0,74.011,0.0001473646875,0.0002678296875,0.0001669109635416667,7.076356770833333e-05,0.00012009135416666667,0.00021427809895833337,0.00015192781249999998,5.920783854166666e-05,0.00013899932291666666,0.00024947580729166665,0.00018069338541666668,7.234565104166666e-05,0.0
131,25.02000000000004,40.146736,0.0,0.0,74.011,0.000148322421875,0.00026926578125,0.00016945518229166668,7.189809895833334e-05,0.000121501953125,0.00021660848958333332,0.00015484187500000002,6.0422864583333344e-05,0.0001410504947916667,0.00025233481770833334,0.00018379955729166668,7.390028645833334e-05,0.0
132,25.02000000000004,40.146736,0.0,0.0,74.011,0.00014910171875,0.00027037479166666667,0.00017184651041666666,7.293442708333334e-05,0.00012284109375,0.00021859072916666667,0.00015742622395833333,6.153205729166667e-05,0.00014277533854166667,0.00025489700520833335,0.00018666640625,7.528026041666666e-05,0.0
133,25.02000000000004,40.146736,0.0,0.0,74.011,0.00014952611979166666,0.0002711445572916667,0.000173923125,7.382390625e-05,0.000123952109375,0.00022026606770833332,0.00015977260416666667,6.255716145833333e-05,0.00014433861979166665,0.0002571668229166667,0.00018933393229166666,7.652059895833334e-05,0.0
134,25.02000000000004,40.146736,0.0,0.0,74.011,0.00014968348958333333,0.00027141893229166666,0.00017562463541666667,7.460356770833334e-05,0.000124728515625,0.00022153822916666667,0.00016185697916666666,6.346231770833334e-05,0.00014564953125000002,0.00025895145833333336,0.0001915732552083333,7.758255208333333e-05,0.0
135,25.02000000000004,40.146736,0.0,0.0,74.011,0.000149721015625,0.0002713574739583333,0.00017711752604166668,7.519700520833334e-05,0.00012533549479166667,0.00022246046875,0.00016360265625,6.428005208333333e-05,0.00014668739583333334,0.0002603694270833333,0.00019359346354166668,7.858749999999999e-05,0.0
136,25.02000000000004,40.146736,0.0,0.0,74.011,0.000149479375,0.00027089697916666666,0.00017821427083333332,7.563648437500001e-05,0.00012578533854166665,0.00022309533854166666,0.00016511638020833336,6.48740625e-05,0.00014754247395833335,0.000261404921875,0.00019530645833333335,7.94884375e-05,0.0
137,25.02000000000004,40.146736,0.0,0.0,74.011,0.00014908369791666667,0.0002700989322916667,0.0001791528125,7.597630208333334e-05,0.00012593507812500002,0.0002233364322916667,0.00016629278645833334,6.5398203125e-05,0.00014802572916666667,0.00026216335937499996,0.00019670937500000004,8.0248984375e-05,0.0
138,25.02000000000004,40.146736,0.0,0.0,74.011,0.00014846815104166666,0.0002688909635416667,0.00017975325520833333,7.619893229166665e-05,0.00012589002604166666,0.00022333114583333334,0.00016724273437499997,6.58634375e-05,0.00014834083333333333,0.00026244218750000006,0.00019779721354166668,8.0822734375e-05,0.0
139,25.02000000000004,40.146736,0.0,0.0,74.011,0.00014763018229166667,0.00026743356770833333,0.00018003255208333334,7.616692708333334e-05,0.00012577361979166667,0.0002228491666666667,0.00016786041666666665,6.622674479166667e-05,0.00014845549479166668,0.0002624736458333333,0.000198545390625,8.1325390625e-05,0.0
140,25.02000000000004,40.146736,0.0,0.0,74.011,0.00014664265625,0.00026561395833333336,0.00017990997395833332,7.606174479166667e-05,0.00012534263020833335,0.000222061796875,0.00016810075520833334,6.635583333333334e-05,0.00014824552083333333,0.000261990703125,0.00019889419270833334,8.155494791666668e-05,0.0
141,25.02000000000004,40.150948,0.0,0.0,74.011,0.00014564510416666666,0.00026372046874999997,0.00017975020833333334,7.5920546875e-05,0.00012484554687499998,0.00022113731770833335,0.00016826010416666666,6.6463046875e-05,0.00014783442708333333,0.0002613606510416667,0.00019906911458333331,8.17009375e-05,0.0
142,25.02000000000004,40.150948,0.0,0.0,74.011,0.00014038239583333335,0.00025518195312500004,0.00017307630208333334,7.268635416666666e-05,0.00012003203125,0.00021391481770833334,0.00016179390625,6.358799479166667e-05,0.00014244921875,0.00025342874999999997,0.00019208875000000002,7.8315234375e-05,0.0
143,25.02000000000004,40.150948,0.0,0.0,74.011,0.000136051015625,0.00024818817708333334,0.00016715635416666668,6.980796875000001e-05,0.00011585341145833334,0.0002075972135416667,0.00015591796875,6.1021510416666666e-05,0.00013771302083333335,0.00024656481770833334,0.00018568127604166664,7.537763020833333e-05,0.0
144,25.02000000000004,40.150948,0.0,0.0,74.011,0.00013267729166666667,0.00024264817708333333,0.000162205625,6.751606770833333e-05,0.00011251091145833333,0.00020247122395833334,0.00015098692708333334,5.8947421875000005e-05,0.00013372059895833333,0.00024069554687499998,0.00018027265625,7.284825520833334e-05,0.0
145,25.02000000000004,40.150948,0.0,0.0,74.011,0.00012996088541666667,0.0002381779427083333,0.0001580175,6.558890625e-05,0.00010973580729166667,0.000198085,0.00014673520833333333,5.710458333333333e-05,0.00013029374999999998,0.0002358191666666667,0.00017564888020833334,7.072734375e-05,0.0
146,25.02000000000004,40.150948,0.0,0.0,74.011,0.00012771450520833333,0.000234490390625,0.00015437192708333332,6.397072916666667e-05,0.00010744799479166666,0.00019440473958333331,0.00014302244791666665,5.5592734375000005e-05,0.0001274040625,0.00023154088541666668,0.00017155130208333332,6.880080729166667e-05,0.0
147,25.02000000000004,40.150948,0.0,0.0,74.011,0.00012576880208333332,0.00023136036458333334,0.00015111736979166667,6.253385416666667e-05,0.00010540651041666667,0.00019116041666666667,0.00013969354166666669,5.424614583333334e-05,0.00012476757812500001,0.00022759255208333333,0.00016785591145833335,6.712338541666667e-05,0.0
148,25.02000000000004,40.150948,0.0,0.0,74.011,0.000124160390625,0.00022872286458333336,0.000148134765625,6.125380208333334e-05,0.00010358268229166667,0.00018829802083333334,0.00013667765625,5.300901041666667e-05,0.00012241661458333334,0.00022403429687500002,0.00016448682291666668,6.5592734375e-05,0.0
149,25.02000000000004,40.150948,0.0,0.0,74.011,0.00012273578125,0.00022636130208333335,0.00014547291666666668,6.01146875e-05,0.00010197799479166666,0.00018552653645833333,0.00013387557291666665,5.188356770833333e-05,0.00012029908854166667,0.00022075947916666666,0.000161349765625,6.4203046875e-05,0.0
150,25.02000000000004,40.167809,0.0,0.0,74.011,0.00012143872395833334,0.00022426919270833334,0.00014295630208333336,5.905643229166666e-05,0.00010043846354166667,0.000183070078125,0.00013125979166666668,5.0800104166666674e-05,0.00011837492187500002,0.000217691484375,0.00015841809895833335,6.288882812500001e-05,0.0
151,25.02000000000004,40.167809,0.0,0.0,74.011,0.00012029484375,0.00022234361979166667,0.00014055098958333336,5.799546875e-05,9.904125e-05,0.00018077166666666668,0.00012875434895833333,4.976955729166667e-05,0.00011650968750000001,0.000214851953125,0.0001556695572916667,6.161966145833333e-05,0.0
152,25.02000000000004,40.167809,0.0,0.0,74.011,0.00011917583333333332,0.00022060052083333333,0.00013835565104166668,5.712940104166667e-05,9.769815104166665e-05,0.0001785903125,0.00012642614583333335,4.881151041666667e-05,0.00011479552083333333,0.00021206942708333333,0.00015293257812499999,6.041140625e-05,0.0
153,25.02000000000004,40.167809,0.0,0.0,74.011,0.00011816893229166667,0.0002190433854166667,0.00013617950520833334,5.6187812499999995e-05,9.638226562500001e-05,0.00017639466145833333,0.0001241465625,4.7838984375e-05,0.00011314052083333333,0.000209471015625,0.00015035635416666668,5.9240781250000004e-05,0.0
154,25.02000000000004,40.167809,0.0,0.0,74.011,0.00011714453125000001,0.00021751020833333333,0.00013406914062500001,5.5287916666666666e-05,9.516104166666666e-05,0.00017432979166666666,0.00012189372395833332,4.6879817708333326e-05,0.0001115146875,0.00020693528645833331,0.00014779057291666668,5.811333333333334e-05,0.0
155,25.02000000000004,40.167809,0.0,0.0,74.011,0.00011621614583333332,0.00021603187500000002,0.00013206466145833335,5.441325520833334e-05,9.398455729166667e-05,0.00017228489583333333,0.00011970869791666666,4.5988046875e-05,0.00011003736979166667,0.00020424914062500002,0.00014529981770833333,5.7029609375000003e-05,0.0
156,25.02000000000004,40.167809,0.0,0.0,74.011,0.00011527083333333334,0.00021453843750000003,0.000130035703125,5.360065104166667e-05,9.272135416666667e-05,0.00017027622395833334,0.00011756854166666666,4.5126067708333326e-05,0.00010849807291666666,0.00020167966145833333,0.000142918671875,5.594958333333334e-05,0.0
157,25.02000000000004,40.167809,0.0,0.0,74.011,0.00011439830729166667,0.00021306325520833332,0.00012809625,5.2793984375000005e-05,9.154744791666668e-05,0.00016811098958333332,0.00011545252604166667,4.426335937500001e-05,0.00010695179687499999,0.00019913403645833332,0.00014051510416666666,5.4856953125e-05,0.0
158,25.02000000000004,40.167809,0.0,0.0,74.011,0.00011349419270833333,0.00021151768229166667,0.00012606562500000002,5.197059895833333e-05,9.036085937499999e-05,0.00016601927083333335,0.00011331072916666667,4.3425624999999995e-05,0.00010550955729166667,0.00019656833333333334,0.00013809986979166668,5.3733072916666664e-05,0.0
159,25.02000000000004,40.167809,0.0,0.0,74.011,0.00011254875,0.00020995346354166667,0.00012405471354166666,5.1158750000000005e-05,8.904406249999999e-05,0.00016382536458333334,0.00011126776041666666,4.255567708333333e-05,0.00010394653645833333,0.00019396518229166667,0.00013571755208333333,5.276442708333334e-05,0.0
160,25.02000000000004,40.17202,0.0,0.0,74.011,0.00011159497395833335,0.00020840497395833334,0.00012204367187500001,5.032130208333333e-05,8.788473958333334e-05,0.0001615825,0.00010913098958333333,4.1684921875000005e-05,0.00010240054687500002,0.00019140242187500002,0.0001334175,5.165580729166667e-05,0.0
161,25.02000000000004,40.17202,0.0,0.0,74.011,0.00011060953124999999,0.000206900078125,0.00012001307291666667,4.950567708333334e-05,8.6630703125e-05,0.00015939643229166667,0.00010709174479166666,4.0857760416666665e-05,0.00010099145833333333,0.00018874018229166666,0.00013097395833333334,5.065458333333333e-05,0.0
162,25.02000000000004,40.17202,0.0,0.0,74.011,0.00010949880208333333,0.00020517848958333333,0.0001179659375,4.863125e-05,8.537835937500001e-05,0.00015718328125000002,0.000104936875,4.001502604166667e-05,9.938390625e-05,0.00018599093750000002,0.00012859346354166667,4.959221354166667e-05,0.0
163,25.02000000000004,40.17202,0.0,0.0,74.011,0.00010841226562499999,0.000203390390625,0.00011594041666666667,4.7889687500000006e-05,8.405609374999999e-05,0.00015484903645833335,0.00010278544270833333,3.913794270833333e-05,9.777791666666668e-05,0.00018326492187500002,0.00012627138020833333,4.852625e-05,0.0
164,25.02000000000004,40.17202,0.0,0.0,74.011,0.00010731570312500001,0.00020152200520833334,0.00011379184895833333,4.698690104166667e-05,8.272916666666667e-05,0.00015248765625,0.0001005665625,3.825739583333333e-05,9.6186953125e-05,0.00018043364583333332,0.00012370627604166667,4.7434609375e-05,0.0
165,25.02000000000004,40.17202,0.0,0.0,74.011,0.00010618020833333334,0.00019966138020833336,0.000111795859375,4.6121119791666666e-05,8.143549479166667e-05,0.00014999895833333333,9.838856770833334e-05,3.738341145833334e-05,9.4557578125e-05,0.00017764317708333333,0.00012138604166666666,4.6395677083333335e-05,0.0
166,25.02000000000004,40.17202,0.0,0.0,74.011,0.00010500020833333335,0.00019754927083333331,0.00010965950520833333,4.530236979166666e-05,8.0039609375e-05,0.00014736846354166666,9.6220234375e-05,3.6518203125000007e-05,9.294406249999999e-05,0.00017479158854166667,0.00011895911458333335,4.5305833333333336e-05,0.0
167,25.02000000000004,40.17202,0.0,0.0,74.011,0.00010369927083333335,0.00019542833333333333,0.00010752309895833333,4.446736979166666e-05,7.877002604166666e-05,0.00014481273437500002,9.406536458333333e-05,3.564989583333333e-05,9.131325520833335e-05,0.00017195546875,0.00011645359375,4.4367864583333336e-05,0.0
168,25.02000000000004,40.17202,0.0,0.0,74.011,0.00010252132812499999,0.00019326044270833332,0.00010521986979166665,4.3570624999999994e-05,7.7419296875e-05,0.00014222625,9.18496875e-05,3.4760989583333333e-05,8.97634375e-05,0.0001689432291666667,0.00011405520833333334,4.324979166666667e-05,0.0
169,25.02000000000004,40.17202,0.0,0.0,74.011,0.00010123559895833333,0.00019095994791666664,0.00010302890625,4.2659244791666666e-05,7.601377604166666e-05,0.00013954848958333332,8.972781250000001e-05,3.390619791666667e-05,8.809528645833333e-05,0.0001658423697916667,0.00011157463541666667,4.213341145833334e-05,0.0
170,25.02000000000004,40.17202,0.0,0.0,74.011,9.989122395833335e-05,0.00018852609375,0.00010069690104166667,4.1832890625e-05,7.444286458333333e-05,0.00013683020833333333,8.7408203125e-05,3.3055312500000006e-05,8.638377604166667e-05,0.00016275734374999998,0.00010903598958333333,4.111067708333334e-05,0.0
171,25.02000000000004,40.176239,0.0,0.0,74.011,9.852544270833333e-05,0.00018592486979166663,9.848973958333334e-05,4.090518229166666e-05,7.3182734375e-05,0.00013396187500000001,8.519822916666669e-05,3.219203125e-05,8.477986979166667e-05,0.00015974104166666667,0.000106650625,4.0161718750000005e-05,0.0
172,25.02000000000004,40.176239,0.0,0.0,74.011,0.00010152611979166666,0.00019131463541666665,0.000101736484375,4.224401041666667e-05,7.546153645833332e-05,0.00013819411458333334,8.813664062499999e-05,3.3348411458333333e-05,8.740723958333334e-05,0.00016451802083333335,0.00011020182291666666,4.158635416666667e-05,0.0
173,25.02000000000004,40.176239,0.0,0.0,74.011,0.000104981953125,0.00019747286458333336,0.00010583661458333334,4.38578125e-05,7.840138020833335e-05,0.00014312104166666669,9.178179687500001e-05,3.4730130208333334e-05,9.074575520833334e-05,0.0001701310416666667,0.00011440950520833333,4.321783854166667e-05,0.0
174,25.02000000000004,40.176239,0.0,0.0,74.011,0.00010845609375000001,0.00020343526041666669,0.00010991294270833333,4.560677083333333e-05,8.119166666666666e-05,0.000148079140625,9.550315104166667e-05,3.609388020833333e-05,9.376973958333334e-05,0.00017574481770833334,0.00011866877604166667,4.497083333333333e-05,0.0
175,25.02000000000004,40.176239,0.0,0.0,74.011,0.000111854296875,0.00020933083333333333,0.00011405364583333335,4.7366744791666675e-05,8.409218750000002e-05,0.00015308848958333336,9.914744791666668e-05,3.762395833333333e-05,9.6932890625e-05,0.0001813172135416667,0.00012297518229166667,4.672171875e-05,0.0
176,25.02000000000004,40.176239,0.0,0.0,74.011,0.00011516255208333335,0.00021522197916666667,0.0001182165625,4.909395833333333e-05,8.694208333333334e-05,0.0001579904947916667,0.00010297544270833333,3.905716145833334e-05,0.00010023390625,0.00018695231770833335,0.00012721510416666666,4.8410442708333336e-05,0.0
177,25.02000000000004,40.176239,0.0,0.0,74.011,0.00011853502604166666,0.00022079309895833333,0.00012230968750000001,5.089338541666667e-05,8.980187499999999e-05,0.00016306591145833337,0.00010689072916666668,4.0636067708333334e-05,0.000103389453125,0.00019228541666666668,0.00013155833333333334,5.027802083333333e-05,0.0
178,25.02000000000004,40.176239,0.0,0.0,74.011,0.0001216671875,0.00022631408854166665,0.00012635692708333335,5.2673671874999994e-05,9.271023437500001e-05,0.0001681255729166667,0.00011075690104166666,4.225416666666667e-05,0.00010669804687499999,0.00019785583333333334,0.00013589622395833334,5.2013541666666664e-05,0.0
179,25.02000000000004,40.176239,0.0,0.0,74.011,0.00012474893229166666,0.00023161458333333332,0.000130555234375,5.455822916666667e-05,9.56509375e-05,0.0001731960416666667,0.00011476007812500002,4.3861796875000006e-05,0.00011004890625,0.00020340395833333332,0.000140283203125,5.3877421875e-05,0.0
180,25.02000000000004,40.176239,0.0,0.0,74.011,0.00012770802083333333,0.00023678119791666665,0.00013461658854166666,5.6368385416666674e-05,9.85553125e-05,0.0001781540625,0.00011868203125000001,4.547671875e-05,0.00011325171875,0.00020883291666666667,0.00014465046875000002,5.572770833333334e-05,0.0
181,25.02000000000004,40.176239,0.0,0.0,74.011,0.00013076093750000002,0.00024187020833333332,0.00013883205729166667,5.8187421875e-05,0.00010145309895833334,0.00018294643229166665,0.00012265958333333333,4.7138385416666676e-05,0.00011654114583333333,0.00021404760416666665,0.00014891841145833336,5.7668515625000004e-05,0.0
182,25.02000000000004,40.176239,0.0,0.0,74.011,0.00013341270833333333,0.000246381796875,0.00014275122395833334,5.997088541666667e-05,0.00010426367187500001,0.00018779080729166664,0.00012657380208333334,4.877098958333334e-05,0.00011977046875,0.00021922999999999997,0.00015332333333333334,5.953575520833334e-05,0.0
183,25.02000000000004,40.176239,0.0,0.0,74.011,0.00013611963541666666,0.0002507384375,0.000146600234375,6.179200520833334e-05,0.00010708851562499999,0.00019235854166666666,0.0001305990625,5.0447317708333335e-05,0.00012277098958333335,0.00022432731770833332,0.00015761257812500003,6.141041666666666e-05,0.0
184,25.02000000000004,40.176239,0.0,0.0,74.011,0.000138523203125,0.00025479669270833335,0.00015044015625,6.343330729166667e-05,0.00010974541666666666,0.00019691153645833332,0.00013442216145833334,5.2035546874999996e-05,0.00012589989583333333,0.00022917380208333337,0.00016181622395833333,6.3251015625e-05,0.0
185,25.02000000000004,40.176239,0.0,0.0,74.011,0.00014092398437500002,0.00025848367187499997,0.00015411473958333333,6.5087109375e-05,0.00011214119791666668,0.00020107554687499998,0.00013818622395833332,5.373828125e-05,0.00012884731770833332,0.000233751796875,0.00016592138020833332,6.517138020833334e-05,0.0
186,25.02000000000004,40.176239,0.0,0.0,74.011,0.0001429718489583333,0.000261753671875,0.00015763981770833334,6.672309895833334e-05,0.00011447119791666667,0.00020503984375,0.00014186244791666665,5.532731770833333e-05,0.00013175854166666667,0.00023819364583333333,0.00016982179687500003,6.705947916666665e-05,0.0
187,25.02000000000004,40.176239,0.0,0.0,74.011,0.000144864765625,0.0002647234375,0.00016105015624999998,6.825817708333333e-05,0.00011670315104166668,0.00020866486979166665,0.00014543403645833335,5.6888932291666665e-05,0.00013435958333333334,0.00024231372395833335,0.00017369752604166666,6.885872395833333e-05,0.0
188,25.02000000000004,40.176239,0.0,0.0,74.011,0.00014639716145833334,0.00026718330729166666,0.00016416940104166668,6.964783854166668e-05,0.00011872807291666666,0.00021201268229166664,0.00014878247395833333,5.8362317708333344e-05,0.00013691565104166666,0.0002461893489583333,0.00017734684895833334,7.058062500000002e-05,0.0
189,25.02000000000004,40.176239,0.0,0.0,74.011,0.00014797080729166668,0.00026950174479166666,0.00016723731770833334,7.102528645833334e-05,0.00012055963541666668,0.00021509661458333335,0.00015201960937500001,5.972557291666667e-05,0.00013936325520833335,0.000249806875,0.00018087309895833332,7.227703125e-05,0.0
190,25.02000000000004,40.176239,0.0,0.0,74.011,0.00014913731770833333,0.000271271796875,0.00017005893229166667,7.225893229166668e-05,0.00012224947916666666,0.00021781161458333335,0.00015508963541666668,6.107151041666667e-05,0.00014154213541666668,0.00025305075520833337,0.00018413239583333333,7.381460937500001e-05,0.0
191,25.02000000000004,40.176239,0.0,0.0,74.011,0.00015010018229166667,0.00027265596354166666,0.00017252781250000002,7.338578125000001e-05,0.00012369903645833332,0.00021998625,0.00015780911458333332,6.226411458333334e-05,0.00014348783854166666,0.00025586510416666664,0.00018722950520833336,7.528458333333333e-05,0.0
192,25.02000000000004,40.176239,0.0,0.0,74.011,0.00015089041666666668,0.00027367348958333334,0.00017488791666666668,7.440783854166668e-05,0.00012487648437500002,0.00022199861979166666,0.00016040236979166666,6.339828125e-05,0.00014523393229166667,0.00025838893229166674,0.0001900213802083333,7.665752604166666e-05,0.0
193,25.02000000000004,40.176239,0.0,0.0,74.011,0.000151335703125,0.00027423440104166666,0.00017691877604166667,7.527489583333335e-05,0.00012596145833333335,0.00022353768229166668,0.00016265606770833333,6.436166666666667e-05,0.00014669070312500003,0.00026051755208333335,0.00019260583333333335,7.786940104166668e-05,0.0
194,25.02000000000004,40.176239,0.0,0.0,74.011,0.000151528359375,0.00027440229166666666,0.000178644609375,7.597690104166667e-05,0.00012679841145833332,0.00022474278645833335,0.00016466283854166668,6.518591145833335e-05,0.00014791395833333332,0.00026229981770833335,0.000194835234375,7.903111979166668e-05,0.0
195,25.02000000000004,40.176239,0.0,0.0,74.011,0.00015151244791666667,0.00027429841145833336,0.00018008294270833333,7.660744791666667e-05,0.00012732291666666667,0.00022555671875000002,0.00016646479166666667,6.593752604166666e-05,0.000148961875,0.00026364059895833333,0.0001967898177083333,8.005184895833333e-05,0.0
196,25.02000000000004,40.176239,0.0,0.0,74.011,0.000151233125,0.00027372742187499997,0.00018112414062500002,7.703005208333333e-05,0.000127735390625,0.0002260133854166667,0.000167948828125,6.651546875e-05,0.00014970901041666665,0.000264596640625,0.00019837833333333332,8.095841145833333e-05,0.0
197,25.02000000000004,40.176239,0.0,0.0,74.011,0.00015081091145833334,0.00027281989583333334,0.00018206690104166667,7.729263020833335e-05,0.00012793333333333334,0.00022614026041666666,0.000169176875,6.699934895833333e-05,0.00015018544270833334,0.0002651648697916667,0.00019969880208333332,8.163299479166668e-05,0.0
198,25.02000000000004,40.176239,0.0,0.0,74.011,0.00015010283854166668,0.00027157432291666667,0.000182575625,7.742601562499999e-05,0.00012794856770833332,0.00022600968750000001,0.00017005148437500002,6.739075520833333e-05,0.00015052763020833334,0.00026541570312500003,0.00020061380208333333,8.217875e-05,0.0
199,25.02000000000004,40.176239,0.0,0.0,74.011,0.00014932361979166667,0.00027005755208333335,0.00018282335937500004,7.749109375e-05,0.00012765890625000001,0.00022554247395833332,0.00017063520833333331,6.762510416666666e-05,0.00015057010416666666,0.0002652969791666667,0.000201354609375,8.266380208333332e-05,0.0
200,25.02000000000004,40.176239,0.0,0.0,74.011,0.00014830927083333333,0.00026818091145833337,0.00018272440104166667,7.732486979166666e-05,0.00012717815104166665,0.00022473611979166667,0.00017083716145833335,6.771299479166666e-05,0.0001502697135416667,0.00026479372395833337,0.00020166536458333335,8.284239583333333e-05,0.0
